{"version":"4.2.1","resolution":100,"curves":[{"nodes":[[0,0,0,0,0,0.9987673343605546],[0.8571428571428571,1,-0.8617586912065439]]},{"nodes":[[0,0,0,0,0.1],[1,0,-0.1]]},{"nodes":[[0,0,0,0,0.647034764826176,0.0021571648690292757],[0.8571428571428571,1,-0.6419222903885481]]},{"nodes":[[0,0,0,0,1.2860940695296528,-0.04195834933108063],[0.8571428571428571,0.5,-0.0408997955010225,-0.0005780539797521119,0.005112103013653644,0.00007225149797806145],[1.7142857142857142,1,-1.2860940695296526,0.0539464491399608]]}],"channels":[["P1/pos/x",{"items":[{"value":0.35}]}],["P1/pos/y",{"items":[{"value":0.5}]}],["P2/pos/x",{"items":[{"value":0.65}]}],["P2/pos/y",{"items":[{"value":0.5}]}],["P1/rot/z",{"items":[{"time":0.42857142857142855,"length":1.7142857142857142,"curve":3}]}],["P2/rot/z",{"items":[]}],["P1/mods/tipsy",{"items":[{"length":0.8571428571428571,"curve":2}]}],["P2/mods/invert",{"items":[{"length":0.8571428571428571,"curve":0}]}]],"labels":{},"guiSettings":{"snapTimeActive":true,"snapTimeInterval":0.1,"snapValueActive":true,"snapValueInterval":0.1,"snapBeatActive":true,"bpm":140,"beatOffset":0,"useBeatInGUI":true,"minimizedPrecisionTime":3,"minimizedPrecisionValue":3}}